{"cameraMode":{"drawMode":0,"name":"Shaded","section":"Shading Mode"},"sceneLighting":false,"audioPlay":false,"sceneViewState":{"showFog":false,"showMaterialUpdate":false,"showSkybox":false,"showFlares":false,"showImageEffects":false,"showParticleSystems":false,"showVisualEffectGraphs":true,"m_FxEnabled":true},"in2DMode":false,"pivot":{"x":0.0006658434867858887,"y":0.48082196712493899,"z":-0.00224420428276062},"rotation":{"x":-0.050386589020490649,"y":-0.8087195754051209,"z":0.07005517929792404,"w":-0.5818886756896973},"size":0.7205432057380676,"orthographic":false}